URL,Type,Number of Tags,Title,Time Posted
http://miova.tumblr.com/post/164338521872/sorry-for-not-update-anything-for-a-long-time-but,photo,5,Sorry For Not Update Anything For A Long Time But,2017-08-18 19:14:31 GMT
http://miova.tumblr.com/post/162701378102/have-you-seen-doomfists-ult-thats-op-the,photo,7,Have You Seen Doomfists Ult Thats Op The,2017-07-07 08:26:40 GMT
http://miova.tumblr.com/post/162040970292/my-parents-were-like-mebut-mom-its-hot,photo,4,My Parents Were Like Mebut Mom Its Hot,2017-06-20 10:29:01 GMT
http://miova.tumblr.com/post/161358540847/its-called-tactics-ʖ,photo,6,Its Called Tactics ʖ,2017-06-02 17:34:25 GMT
http://miova.tumblr.com/post/160896003572/buy-me-a-super-deluxe-chocolate-banana-ice-cream,photo,4,Buy Me A Super Deluxe Chocolate Banana Ice Cream,2017-05-21 03:51:17 GMT
http://miova.tumblr.com/post/160864671092/congrats-on-the-art-you-made-that-was-shown-in-the,answer,0,Congrats On The Art You Made That Was Shown In The,2017-05-20 06:22:06 GMT
http://miova.tumblr.com/post/160837000977/hi-i-also-saw-your-art-in-the-video-and-that-is,answer,0,Hi I Also Saw Your Art In The Video And That Is,2017-05-19 12:49:57 GMT
http://miova.tumblr.com/post/160836063917/the-how-to-train-your-ninja-comic-is-getting-a,answer,0,The How To Train Your Ninja Comic Is Getting A,2017-05-19 12:02:32 GMT
http://miova.tumblr.com/post/160798897372/i-saw-your-year-of-the-rooster-fan-art-in-the,answer,0,I Saw Your Year Of The Rooster Fan Art In The,2017-05-18 10:11:19 GMT
http://miova.tumblr.com/post/160798680797/oh-my-god-i-just-found-your-blog-and-the-way-you,answer,0,Oh My God I Just Found Your Blog And The Way You,2017-05-18 09:57:28 GMT
http://miova.tumblr.com/post/159712377972/i-love-your-art-style-you-capture-movement-and,answer,0,I Love Your Art Style You Capture Movement And,2017-04-18 11:01:59 GMT
http://miova.tumblr.com/post/159669386272/please-keep-making-gency-art-no-matter-what-the,answer,0,Please Keep Making Gency Art No Matter What The,2017-04-17 07:03:36 GMT
http://miova.tumblr.com/post/159645715297/i-saw-ppl-with-bad-reactions-to-the-how-to-train,answer,0,I Saw Ppl With Bad Reactions To The How To Train,2017-04-16 18:14:06 GMT
http://miova.tumblr.com/post/159632161222/eyo-i-saw-the-hate-youve-been-getting-hate-about,answer,0,Eyo I Saw The Hate Youve Been Getting Hate About,2017-04-16 08:42:41 GMT
http://miova.tumblr.com/post/159631954222/if-i-may-do-you-have-reactions-of-reaper-and,answer,0,If I May Do You Have Reactions Of Reaper And,2017-04-16 08:31:19 GMT
http://miova.tumblr.com/post/159571250347/how-to-train-your-ninja,photo,7,How To Train Your Ninja,2017-04-14 17:34:05 GMT
http://miova.tumblr.com/post/159379812352/blacksmiley-c-small-story-behind-this-this,photo,0,Blacksmiley C Small Story Behind This This,2017-04-09 16:54:25 GMT
http://miova.tumblr.com/post/159343873072/i-love-your-overwatch-comicdoodles-d-genji-one,answer,0,I Love Your Overwatch Comicdoodles D Genji One,2017-04-08 17:54:56 GMT
http://miova.tumblr.com/post/159329922537/the-most-embarrassing-voting-card-i-ever-got,photo,6,The Most Embarrassing Voting Card I Ever Got,2017-04-08 07:28:51 GMT
http://miova.tumblr.com/post/159257148782/a-quick-doodle,photo,7,A Quick Doodle,2017-04-06 07:05:39 GMT
